calories,proteins,fat,carbohydrate,total_macros
280.0,9.2,28.4,0.0,37.599999999999994
513.0,23.7,37.0,21.3,82.0
0.0,0.0,0.2,0.0,0.2
45.0,1.1,0.4,10.8,12.3
37.0,4.4,0.5,3.8,8.7
85.0,0.9,6.5,7.7,15.100000000000001
96.0,3.7,0.6,19.1,23.400000000000002
414.0,26.6,18.3,41.3,86.2
75.0,4.1,2.1,10.7,16.9
67.0,5.0,2.1,8.1,15.2
184.0,18.8,14.0,0.0,32.8
174.0,19.6,10.0,0.0,29.6
190.0,19.1,12.0,0.0,31.1
99.0,4.6,1.0,18.0,23.6
25.0,1.6,0.2,5.3,7.1
30.0,0.5,0.2,6.8,7.5
354.0,16.4,31.5,0.0,47.9
126.0,3.4,7.9,10.3,21.6
58.0,0.3,0.4,14.9,15.6
57.0,0.5,0.4,12.8,13.700000000000001
37.0,0.8,0.5,8.3,9.600000000000001
113.0,0.9,7.2,11.2,19.299999999999997
102.0,1.0,0.2,24.1,25.3
277.0,2.4,25.0,10.7,38.099999999999994
75.0,0.2,1.1,16.1,17.400000000000002
239.0,2.8,0.6,62.5,65.9
135.0,0.8,0.4,32.1,33.300000000000004
261.0,0.9,1.6,63.3,65.8
98.0,3.9,2.6,14.8,21.3
302.0,18.2,25.0,0.0,43.2
297.0,35.9,15.2,1.6,52.699999999999996
270.0,32.3,11.2,9.9,53.4
75.0,13.8,1.9,0.7,16.400000000000002
295.0,34.0,16.0,1.5,51.5
338.0,35.2,20.6,0.4,56.2
275.0,37.4,12.2,1.3,50.89999999999999
298.0,34.2,16.8,0.1,51.1
286.0,32.1,16.1,1.1,49.300000000000004
295.0,39.2,13.6,1.0,53.800000000000004
287.0,31.0,15.7,1.7,48.400000000000006
246.0,37.9,9.0,0.7,47.6
245.0,33.1,11.4,0.3,44.8
295.0,37.4,14.7,0.6,52.699999999999996
244.0,36.7,9.2,1.0,46.900000000000006
283.0,35.7,14.3,0.5,50.5
261.0,27.4,16.1,1.6,45.1
264.0,18.2,20.1,2.7,41.0
473.0,45.2,26.3,13.9,85.4
113.0,17.6,4.2,0.0,21.8
453.0,11.9,45.0,0.0,56.9
371.0,14.1,35.0,0.0,49.1
110.0,16.3,4.6,0.8,21.7
129.0,19.7,4.8,1.7,26.2
491.0,24.6,16.3,0.2,41.10000000000001
102.9,3.3,2.7,16.3,22.3
450.0,3.2,13.9,78.1,95.19999999999999
452.0,1.3,13.8,80.6,95.69999999999999
529.0,3.2,29.1,63.6,95.9
523.0,3.2,28.2,64.2,95.6
416.0,6.5,9.4,76.3,92.2
382.0,0.3,3.5,87.2,91.0
129.0,1.9,6.6,15.6,24.1
272.0,8.7,6.7,44.1,59.5
76.0,4.1,2.5,9.2,15.799999999999999
27.0,2.0,0.2,4.2,6.4
280.0,8.2,10.2,39.0,57.4
13.0,0.4,0.2,3.0,3.6
190.0,3.3,0.3,43.5,47.1
159.0,3.1,5.8,23.5,32.4
137.0,4.3,4.8,19.1,28.200000000000003
107.0,2.2,2.2,19.6,24.0
76.0,1.1,0.9,16.0,18.0
110.0,1.4,1.1,23.4,25.9
92.0,1.2,0.3,21.0,22.5
89.0,1.1,0.1,21.0,22.2
182.0,2.4,0.4,42.2,45.0
45.0,1.4,0.2,10.3,11.9
39.0,1.5,0.3,0.2,2.0
95.0,4.5,0.2,23.1,27.8
30.0,1.3,0.7,5.8,7.8
51.0,4.6,0.5,10.0,15.1
41.0,2.2,0.8,6.3,9.3
23.0,1.2,0.6,3.7,5.5
36.0,3.5,0.5,6.5,10.5
102.0,3.7,6.7,6.9,17.3
48.0,1.4,4.2,2.6,8.2
326.0,16.0,28.6,0.0,44.6
303.0,11.3,27.0,3.7,42.0
300.0,24.0,20.7,4.5,49.2
65.0,1.1,5.2,3.5,9.8
258.0,10.6,9.5,32.5,52.6
151.0,8.6,3.1,22.3,34.0
132.0,9.8,1.1,20.7,31.6
116.0,11.9,4.9,6.1,22.9
78.0,11.4,2.0,3.6,17.0
131.0,20.2,4.3,2.8,27.3
36.0,0.4,0.4,8.8,9.600000000000001
145.0,1.2,0.4,34.2,35.800000000000004
417.0,25.9,19.4,32.0,77.3
70.0,14.6,0.8,1.0,16.4
93.0,12.8,1.5,6.1,20.4
55.0,1.4,0.2,12.8,14.4
98.0,1.6,0.7,20.9,23.2
71.0,2.3,0.3,15.4,18.0
350.0,2.7,1.1,82.3,86.1
364.0,3.4,0.7,86.3,90.39999999999999
360.0,6.8,0.7,78.9,86.4
178.0,2.1,0.1,40.6,42.800000000000004
357.0,8.4,1.7,77.1,87.19999999999999
369.0,9.5,1.4,77.1,88.0
357.0,8.4,1.7,77.1,87.19999999999999
351.0,8.0,1.3,76.9,86.2
358.0,5.5,0.1,82.7,88.3
307.0,4.8,0.1,71.8,76.7
356.0,7.0,0.7,78.0,85.7
181.0,4.0,1.2,37.3,42.5
166.0,3.8,1.0,34.4,39.199999999999996
360.0,8.0,2.3,74.5,84.8
360.0,8.0,2.3,74.5,84.8
362.0,6.7,0.7,79.4,86.80000000000001
163.0,3.0,0.4,35.7,39.1
172.0,3.0,0.5,37.5,41.0
361.0,7.4,0.8,78.4,86.60000000000001
361.0,7.4,0.8,78.4,86.60000000000001
376.0,7.5,3.8,78.0,89.3
339.0,7.7,4.4,73.0,85.1
362.0,7.7,4.4,73.0,85.1
359.0,7.5,0.9,77.6,86.0
364.0,6.8,0.6,80.1,87.5
353.0,6.8,0.6,80.0,87.4
335.0,7.4,1.9,76.2,85.5
363.0,7.6,1.1,78.3,87.0
344.0,1.1,0.2,28.3,29.6
354.0,7.8,0.4,79.9,88.10000000000001
352.0,7.3,0.9,76.2,84.4
145.0,16.3,7.0,4.1,27.4
360.0,4.7,0.1,82.1,86.89999999999999
154.0,3.0,4.5,25.5,33.0
381.0,6.1,3.9,80.3,90.3
354.0,0.5,0.3,87.4,88.2
348.0,4.7,0.1,82.1,86.89999999999999
562.0,21.2,49.6,23.6,94.4
629.0,21.5,56.6,19.8,97.89999999999999
262.0,2.3,5.4,51.1,58.800000000000004
199.0,2.1,1.5,44.4,48.0
225.7,3.0,0.3,52.9,56.199999999999996
48.0,0.6,0.0,4.4,5.0
458.0,6.9,14.4,75.1,96.39999999999999
42.0,1.6,0.1,9.6,11.3
51.0,0.3,0.1,12.1,12.5
43.0,2.6,0.0,11.6,14.2
245.0,3.4,0.0,66.2,69.60000000000001
119.0,4.4,3.5,18.3,26.200000000000003
23.0,1.0,0.8,7.2,9.0
22.0,1.0,0.3,4.7,6.0
186.0,11.7,9.7,13.0,34.4
249.0,3.4,0.4,58.0,61.8
400.0,4.0,0.7,95.3,100.0
141.0,15.3,3.3,12.6,31.200000000000003
23.0,0.8,0.2,5.2,6.2
110.0,1.4,2.1,21.4,24.9
38.0,1.5,0.2,7.5,9.2
264.0,4.0,1.1,59.6,64.7
39.0,0.7,0.2,9.7,10.6
87.0,2.6,2.7,13.1,18.4
71.0,1.7,3.1,9.1,13.899999999999999
56.0,0.8,1.0,10.9,12.700000000000001
55.0,1.2,0.1,12.2,13.5
101.0,1.7,0.6,25.2,27.5
78.0,0.6,0.3,18.2,19.099999999999998
113.0,0.8,0.3,26.8,27.900000000000002
29.0,2.1,0.7,3.6,6.4
67.0,0.4,0.2,15.9,16.5
365.0,49.6,4.8,30.8,85.2
60.0,1.0,60.0,13.0,74.0
167.0,0.2,4.0,33.0,37.2
156.0,2.3,0.2,15.6,18.1
72.0,11.4,4.9,1.4,17.7
212.0,16.9,0.2,47.6,64.7
237.0,14.7,0.2,56.0,70.9
35.0,2.4,0.2,7.7,10.3
60.0,5.1,0.5,8.5,14.1
30.0,2.2,0.2,6.4,8.8
45.0,2.6,0.3,8.1,11.0
42.0,2.0,1.1,6.1,9.2
333.0,29.3,3.3,50.0,82.6
336.0,37.4,13.0,30.5,80.9
368.0,23.0,15.0,40.0,78.0
106.0,4.4,6.3,7.9,18.6
141.0,4.4,10.2,8.0,22.6
125.7,3.3,1.9,23.9,29.099999999999998
281.0,37.5,0.3,32.1,69.9
38.0,1.6,0.8,6.3,8.7
26.0,0.7,0.3,5.2,6.2
367.0,15.9,6.2,61.8,83.9
36.0,1.0,0.3,7.3,8.6
120.0,4.7,2.4,19.9,27.0
20.0,1.7,0.4,3.4,5.5
155.0,20.1,3.8,10.2,34.1
323.0,4.9,11.5,50.1,66.5
102.0,3.2,6.0,8.7,17.9
366.0,11.0,3.3,73.0,87.3
97.0,5.8,6.3,4.2,16.3
24.0,1.9,0.2,3.7,5.800000000000001
460.0,0.8,18.7,17.2,36.7
116.0,3.0,0.4,28.6,32.0
330.0,5.2,8.9,57.4,71.5
332.0,11.0,3.3,73.0,87.3
462.0,1.2,20.7,67.7,89.6
168.0,13.0,9.6,7.5,30.1
143.0,9.8,1.4,22.8,34.0
311.0,8.0,4.0,48.9,60.9
472.0,2.0,29.8,62.7,94.5
504.0,5.5,52.9,29.2,87.6
381.0,9.0,35.0,53.6,97.6
210.0,1.6,6.6,35.8,44.0
241.0,16.0,25.0,0.0,41.0
96.0,6.8,5.9,3.8,16.5
84.0,6.0,6.0,1.4,13.4
145.0,27.0,2.3,0.0,29.3
12.0,0.1,0.1,5.0,5.2
265.0,40.6,10.1,0.0,50.7
75.0,16.1,0.7,0.1,16.900000000000002
190.0,19.1,12.0,0.0,31.1
191.0,32.0,6.0,0.0,38.0
457.0,11.6,45.0,0.0,56.6
376.0,14.1,35.0,0.0,49.1
206.0,17.1,14.8,0.0,31.900000000000002
154.0,16.6,9.2,0.0,25.8
84.0,18.7,0.5,0.0,19.2
118.0,18.1,4.1,0.9,23.1
207.0,18.8,14.0,0.0,32.8
27.0,1.3,0.6,4.0,5.9
29.0,1.8,0.7,5.2,7.7
41.0,2.0,0.3,7.8,10.1
41.0,2.7,1.0,7.3,11.0
50.0,4.4,1.4,7.8,13.600000000000001
42.0,1.8,0.5,9.4,11.7
122.0,6.0,1.0,26.0,33.0
60.0,3.1,0.3,14.0,17.4
58.0,2.9,0.7,10.0,13.6
30.0,1.3,0.7,5.8,7.8
50.0,4.6,0.9,7.0,12.5
62.0,4.2,0.9,9.2,14.3
73.0,4.6,0.5,16.2,21.299999999999997
34.0,3.8,0.5,5.3,9.6
93.0,5.0,1.3,15.3,21.6
27.0,2.1,0.7,4.4,7.2
36.0,2.9,0.6,6.8,10.3
34.0,4.1,0.4,5.8,10.3
40.0,3.7,0.3,8.0,12.0
30.0,3.1,0.3,5.8,9.2
92.0,4.0,3.6,10.9,18.5
59.0,4.8,1.0,11.0,16.8
53.0,5.3,0.9,9.1,15.3
59.0,6.4,1.0,9.9,17.3
47.0,5.0,0.5,8.5,14.0
59.0,2.8,0.3,13.4,16.5
82.0,6.7,1.7,14.3,22.700000000000003
61.0,6.1,0.9,10.0,17.0
46.0,4.0,0.5,8.9,13.4
45.0,3.7,0.5,6.6,10.8
48.0,4.5,0.8,9.1,14.399999999999999
22.0,2.1,0.5,3.6,6.2
23.0,3.0,0.3,3.7,7.0
51.0,2.5,1.1,8.0,11.6
14.0,1.3,0.3,2.3,3.9
60.0,4.0,0.4,4.7,9.100000000000001
30.0,3.6,0.6,4.5,8.7
87.0,8.3,1.8,14.4,24.5
76.0,2.8,0.2,15.8,18.8
45.0,4.7,0.5,8.1,13.3
30.0,2.3,0.4,5.8,8.5
40.0,3.0,0.8,7.4,11.2
54.0,3.7,0.3,11.8,15.8
71.0,6.8,1.6,11.5,19.9
99.0,5.0,1.3,21.3,27.6
63.0,3.8,1.5,11.5,16.8
166.0,1.7,0.5,38.8,41.0
22.0,1.0,0.1,5.3,6.4
22.0,1.0,0.1,5.3,6.4
35.0,4.0,0.3,6.4,10.7
54.0,2.2,3.6,3.1,8.9
39.0,4.5,0.4,6.9,11.8
53.0,3.4,1.2,7.2,11.8
29.0,3.4,0.1,6.5,10.0
104.0,3.9,0.6,17.9,22.4
49.0,2.7,1.0,8.4,12.100000000000001
87.0,8.0,2.0,11.9,21.9
128.0,12.0,6.5,12.4,30.9
37.0,2.5,0.8,6.9,10.2
301.0,14.2,10.9,49.0,74.1
62.0,4.0,0.5,10.5,15.0
45.0,4.4,8.0,0.5,12.9
45.0,4.4,0.5,8.5,13.4
53.0,3.2,2.5,7.6,13.3
68.0,2.0,1.0,15.2,18.2
73.0,6.8,1.2,13.0,21.0
144.0,12.7,1.2,25.2,39.099999999999994
50.0,6.2,1.1,7.1,14.4
74.0,6.3,0.7,10.7,17.7
55.0,4.0,0.5,8.5,13.0
31.0,3.7,0.6,4.8,9.1
50.0,6.2,1.1,7.1,14.4
36.0,2.6,0.9,6.1,9.6
27.0,1.3,0.2,5.9,7.4
59.0,3.0,0.4,13.5,16.9
71.0,4.1,2.1,12.3,18.5
27.0,1.3,0.2,5.9,7.4
70.0,2.9,0.3,13.9,17.1
47.0,2.8,0.4,10.4,13.6
56.0,3.1,0.3,13.0,16.4
62.0,3.7,0.3,11.1,15.1
56.0,3.1,0.3,13.0,16.4
48.0,3.0,0.3,10.8,14.100000000000001
46.0,2.8,0.2,8.2,11.2
55.0,1.7,0.1,11.9,13.700000000000001
260.0,2.0,15.0,53.0,70.0
382.0,55.7,14.1,8.0,77.8
433.0,55.0,9.0,0.0,64.0
598.0,74.3,26.9,9.2,110.39999999999999
77.0,13.8,1.9,0.7,16.400000000000002
104.0,21.9,1.1,0.0,23.0
248.0,10.0,2.3,40.9,53.2
395.0,3.0,5.7,81.2,89.9
298.0,3.7,2.1,65.9,71.7
368.0,2.6,8.6,70.0,81.2
348.0,0.4,3.8,76.1,80.3
331.0,1.9,7.6,63.8,73.3
373.0,4.3,16.5,51.9,72.7
17.5,3.3,2.3,39.5,45.1
317.0,15.7,27.7,0.0,43.4
202.0,17.1,14.8,0.0,31.900000000000002
100.0,16.6,3.3,1.0,20.900000000000002
63.0,1.0,0.2,16.1,17.3
134.0,2.5,3.0,28.0,33.5
80.0,0.5,0.6,18.2,19.3
18.0,1.0,0.2,3.8,5.0
98.0,1.4,0.2,25.4,27.0
248.0,36.2,6.9,10.1,53.2
590.0,18.5,57.0,0.0,75.5
345.0,12.0,1.5,71.5,85.0
403.0,10.6,2.2,85.3,98.1
355.0,17.8,4.6,60.7,83.1
122.0,3.5,4.5,17.5,25.5
538.0,13.6,30.3,52.6,96.5
524.0,13.3,29.2,52.0,94.5
565.0,18.2,38.4,36.8,93.39999999999999
70.0,0.6,0.0,18.9,19.5
210.0,4.0,12.5,20.6,37.1
156.7,3.0,1.7,32.7,37.400000000000006
152.0,0.0,0.0,37.6,37.6
44.8,0.0,0.0,11.3,11.3
270.0,12.3,15.9,19.3,47.5
322.0,2.4,0.6,76.6,79.6
137.0,6.1,3.2,21.0,30.3
88.0,0.8,0.3,20.9,22.0
101.0,2.1,0.2,23.2,25.5
88.0,0.6,0.3,20.9,21.799999999999997
100.0,0.9,0.3,23.5,24.7
18.0,0.8,0.2,4.1,5.1
13.0,0.3,0.6,1.6,2.5
68.0,0.7,0.1,18.0,18.8
100.0,0.8,0.2,23.8,24.8
95.0,1.0,0.1,22.6,23.700000000000003
100.0,0.8,0.2,23.8,24.8
77.0,0.6,0.2,18.4,19.2
338.0,1.5,0.7,81.3,83.5
191.0,4.5,1.5,39.7,45.7
347.0,1.3,0.7,83.8,85.8
195.0,0.4,1.7,44.4,46.5
389.0,0.0,0.0,91.0,91.0
95.0,1.5,0.1,22.4,24.0
131.0,1.1,0.2,31.3,32.6
274.0,1.7,5.4,55.5,62.6
407.0,6.4,28.2,32.0,66.6
35.0,1.7,0.2,7.7,9.6
350.0,1.4,14.4,53.6,69.4
462.0,3.1,24.4,57.7,85.2
75.0,8.2,2.0,6.0,16.2
360.0,1.3,6.4,74.3,82.0
171.4,4.0,4.0,32.0,40.0
144.0,1.1,0.4,34.1,35.6
204.0,0.5,1.4,47.4,49.3
114.0,16.3,4.6,0.8,21.7
105.0,16.6,3.3,1.0,20.900000000000002
141.0,15.0,8.1,0.9,24.0
53.0,1.6,1.6,8.8,12.0
160.0,3.3,9.2,16.0,28.5
368.0,0.0,0.0,95.0,95.0
386.0,3.0,10.0,76.0,89.0
356.0,0.4,0.5,90.6,91.5
394.0,0.0,0.0,94.0,94.0
52.0,10.0,0.5,1.8,12.3
106.0,16.5,3.3,2.5,22.3
148.0,10.0,9.8,5.0,24.8
126.0,4.2,9.4,6.2,19.8
110.0,5.9,8.2,3.2,17.3
143.0,4.0,11.4,6.0,21.4
176.0,7.3,14.9,3.2,25.4
132.0,9.0,7.2,7.8,24.0
192.0,12.7,10.1,12.7,35.5
218.0,0.5,2.5,48.5,51.5
389.0,16.9,35.0,0.3,52.199999999999996
65.0,10.0,1.0,3.5,14.5
134.0,19.7,4.8,1.7,26.2
136.0,19.7,3.2,6.0,28.9
390.0,14.2,7.4,68.2,89.80000000000001
127.0,1.2,0.5,29.5,31.2
146.0,17.7,5.9,5.6,29.200000000000003
380.0,33.6,27.5,0.0,61.1
456.0,46.5,24.4,0.0,70.9
348.0,18.7,29.5,0.0,48.2
193.0,42.0,1.5,0.0,43.5
430.0,58.2,23.6,0.0,81.80000000000001
652.0,40.4,54.3,0.0,94.69999999999999
319.0,6.9,31.7,0.0,38.6
430.0,33.4,32.4,0.0,65.8
198.0,19.0,13.0,0.0,32.0
107.0,16.5,3.9,1.5,21.9
112.0,20.0,1.3,3.7,25.0
129.0,20.0,4.8,0.0,24.8
296.0,17.1,20.3,11.3,48.7
111.0,19.4,0.9,4.8,25.099999999999998
78.0,14.5,0.6,3.7,18.8
144.0,17.8,5.8,5.2,28.8
123.0,15.1,5.5,3.3,23.900000000000002
96.0,19.0,1.7,0.0,20.7
138.0,14.0,0.7,7.4,22.1
128.0,18.0,3.0,7.2,28.2
80.0,14.7,1.4,2.2,18.299999999999997
417.0,25.9,19.4,32.0,77.3
82.0,6.7,1.0,10.9,18.6
66.0,14.0,0.0,0.0,14.0
90.0,14.9,2.5,2.1,19.5
88.0,14.2,0.7,6.2,21.099999999999998
100.0,14.7,2.4,4.9,22.0
134.0,25.5,1.3,5.0,31.8
204.0,34.2,5.6,1.9,41.7
198.0,36.5,2.2,5.5,44.2
120.0,11.3,3.9,10.0,25.200000000000003
116.0,11.2,1.2,10.2,22.599999999999998
86.0,10.2,1.1,8.7,20.0
107.0,19.6,0.7,5.5,25.8
81.0,11.4,1.9,3.8,17.1
101.0,11.5,4.1,4.6,20.2
109.0,17.0,4.0,0.0,21.0
261.0,38.1,2.3,21.9,62.3
292.0,58.0,4.0,0.0,62.0
74.0,25.2,1.7,0.0,26.9
267.0,23.1,19.4,0.2,42.7
101.0,10.3,3.7,6.7,20.7
298.0,46.3,3.6,20.2,70.1
57.0,10.7,0.3,2.2,13.2
77.0,15.6,0.9,1.6,18.1
92.0,20.0,0.7,0.0,20.7
82.0,11.4,1.2,6.4,19.0
132.0,17.0,6.7,0.8,24.5
162.0,31.7,2.8,0.3,34.8
110.0,12.6,4.2,5.4,22.200000000000003
302.0,70.7,1.9,0.4,73.00000000000001
103.0,22.0,1.0,0.0,23.0
70.0,10.8,0.7,5.2,16.7
147.0,17.5,6.5,5.4,29.4
109.0,22.0,1.7,0.0,23.7
82.0,18.0,1.0,0.4,19.4
90.0,20.4,0.9,0.0,21.299999999999997
252.0,19.9,19.1,0.0,39.0
112.0,20.0,3.0,0.0,23.0
104.0,15.6,3.2,2.0,20.8
258.0,40.3,2.3,18.9,61.49999999999999
99.0,20.6,1.4,0.9,22.9
86.0,16.0,2.0,0.0,18.0
188.0,19.3,12.2,0.0,31.5
209.0,15.2,11.3,11.8,38.3
97.0,17.9,2.0,0.4,20.299999999999997
598.0,74.3,26.9,9.2,110.39999999999999
582.0,68.3,15.2,37.2,120.7
416.0,46.9,23.9,0.0,70.8
121.0,21.7,2.8,0.8,25.3
89.0,18.7,1.0,0.0,19.7
154.0,16.8,5.0,10.5,32.3
125.0,21.3,3.4,2.2,26.9
152.0,17.6,6.1,6.7,30.400000000000002
120.0,14.3,4.9,4.6,23.800000000000004
144.0,17.5,6.3,4.3,28.1
132.0,17.0,6.6,1.1,24.700000000000003
156.0,28.0,4.0,2.0,34.0
176.0,32.0,4.4,0.0,36.4
157.0,28.0,4.2,1.8,34.0
170.0,31.0,4.2,0.0,35.2
153.0,30.0,2.8,0.0,32.8
142.0,27.0,3.0,0.0,30.0
415.0,61.3,17.6,2.9,81.80000000000001
534.0,40.2,39.3,4.9,84.4
284.0,34.1,9.9,14.6,58.6
113.0,13.9,4.9,3.4,22.2
240.0,21.7,7.7,20.7,50.099999999999994
109.0,19.9,1.8,3.4,25.099999999999998
113.0,17.0,4.5,0.0,21.5
194.0,38.0,3.5,0.0,41.5
138.0,27.0,3.3,0.0,30.3
100.0,18.8,2.2,0.0,21.0
289.0,38.0,14.0,0.0,52.0
84.0,15.2,0.6,4.7,20.5
81.0,11.4,1.9,3.8,17.1
199.0,34.1,3.8,7.1,45.0
111.0,13.3,3.4,6.7,23.4
88.0,15.9,0.9,4.1,20.9
96.0,19.5,1.1,2.0,22.6
95.0,15.8,0.7,6.5,23.0
358.0,20.7,26.4,9.4,56.49999999999999
204.0,16.0,15.0,0.0,31.0
101.0,15.1,4.1,1.0,20.2
316.0,60.1,6.5,22.4,89.0
98.0,19.6,1.7,1.0,22.3
277.0,60.0,2.3,1.8,64.1
170.0,33.4,3.0,0.0,36.4
331.0,68.7,4.2,0.0,72.9
144.0,32.5,0.6,0.0,33.1
74.0,10.3,1.4,4.1,15.8
347.0,48.8,6.4,19.6,74.8
82.0,17.4,0.4,2.3,20.099999999999998
100.0,13.7,1.5,8.0,23.2
96.0,19.2,2.0,0.2,21.4
474.0,7.6,21.6,62.3,91.5
496.0,30.3,33.5,18.4,82.19999999999999
156.0,2.7,1.3,33.3,37.3
361.0,8.7,4.5,72.4,85.60000000000001
129.0,4.1,1.3,30.3,35.7
307.0,7.9,3.4,63.6,74.9
366.0,9.8,7.3,69.1,86.19999999999999
355.0,9.2,3.9,73.7,86.8
154.0,3.8,3.5,28.4,35.699999999999996
140.0,4.7,1.3,33.1,39.1
355.0,9.2,3.9,73.7,86.8
35.0,2.2,0.1,7.4,9.700000000000001
147.0,5.1,0.7,31.5,37.3
142.0,5.0,0.7,30.3,36.0
367.0,6.2,5.1,76.2,87.5
368.0,5.5,4.6,78.0,88.1
361.0,8.7,4.5,72.4,85.60000000000001
129.0,4.1,1.3,30.3,35.7
307.0,7.9,3.4,63.6,74.9
355.0,9.2,3.9,73.7,86.8
140.0,4.7,1.3,33.1,39.1
175.0,1.8,1.8,35.0,38.6
148.9,10.4,10.4,20.1,40.900000000000006
374.0,9.4,2.2,79.1,90.69999999999999
51.0,1.5,1.0,10.1,12.6
289.0,11.0,4.0,61.0,76.0
239.0,0.5,0.6,64.5,65.6
286.0,48.5,9.2,2.3,60.0
46.0,0.6,0.0,11.8,12.4
49.0,0.9,0.3,12.2,13.399999999999999
61.0,0.9,0.3,15.4,16.6
56.0,0.6,0.3,14.2,15.1
64.0,0.7,0.6,15.8,17.1
350.0,6.2,1.4,78.2,85.8
45.0,2.5,3.9,0.0,6.4
296.0,9.4,1.1,62.0,72.5
294.0,16.0,0.9,64.6,81.5
21.0,3.8,0.6,0.9,5.3
30.0,3.5,0.2,4.0,7.7
48.0,2.8,4.1,2.9,9.799999999999999
48.0,1.9,3.2,2.8,7.8999999999999995
30.0,1.9,0.1,5.5,7.5
107.0,5.3,2.2,16.5,24.0
31.0,1.2,0.3,7.1,8.6
500.0,1.2,25.1,67.3,93.6
48.0,2.5,4.2,0.0,6.7
334.0,9.7,3.5,73.4,86.60000000000001
381.7,9.5,9.5,65.8,84.8
192.0,5.4,0.3,40.7,46.400000000000006
48.0,0.6,0.2,12.4,13.200000000000001
61.0,0.8,0.2,14.1,15.1
44.0,0.8,0.3,10.9,12.0
39.0,0.3,0.3,8.9,9.5
45.0,0.9,0.2,11.2,12.299999999999999
37.0,0.8,0.1,12.3,13.200000000000001
49.0,0.7,0.2,11.1,12.0
32.0,1.9,0.3,7.1,9.299999999999999
15.0,15.2,4.3,8.8,28.3
130.0,6.7,0.3,25.2,32.2
133.0,1.0,0.2,32.2,33.400000000000006
250.0,2.6,2.5,35.4,40.5
356.0,20.5,4.1,61.6,86.2
330.0,23.8,1.4,60.2,85.4
533.0,27.8,38.1,28.8,94.7
341.0,30.4,3.2,51.3,84.9
400.0,34.4,16.9,34.1,85.4
204.0,16.9,8.8,17.5,43.2
212.0,17.5,10.0,12.9,40.4
118.0,4.4,1.5,21.6,27.5
479.0,12.7,23.2,58.9,94.8
370.0,16.0,6.0,65.0,87.0
161.0,7.7,2.8,27.1,37.6
165.0,7.7,3.1,27.4,38.2
331.0,25.0,1.0,58.0,84.0
129.0,12.4,0.7,18.3,31.4
336.0,23.1,1.7,59.5,84.3
516.0,14.7,31.1,44.4,90.19999999999999
336.0,20.7,1.4,62.0,84.1
316.0,20.7,1.0,58.0,79.7
114.0,7.0,0.6,20.8,28.4
123.0,8.4,0.6,1.8,10.8
147.0,9.0,0.5,27.5,37.0
323.0,22.9,1.5,56.8,81.19999999999999
109.0,8.7,0.5,18.3,27.5
350.0,17.1,1.8,70.7,89.60000000000001
339.0,20.8,2.1,64.6,87.5
346.0,16.6,1.7,66.1,84.39999999999999
345.0,22.2,1.2,62.9,86.3
445.0,11.0,11.0,65.5,87.5
98.0,6.7,0.4,17.7,24.8
286.0,30.2,15.6,30.1,75.9
521.0,32.2,37.7,22.9,92.80000000000001
381.0,40.4,16.7,24.9,82.0
75.0,4.1,2.1,10.7,16.9
189.0,20.2,8.2,12.7,41.099999999999994
286.0,30.2,15.6,30.1,75.9
327.0,16.4,4.3,55.8,76.5
355.0,17.0,2.5,66.0,85.5
346.0,16.5,1.5,66.6,84.6
22.0,1.1,1.0,3.4,5.5
344.0,16.7,2.1,64.6,83.39999999999999
336.0,23.1,1.7,59.5,84.3
350.0,13.9,3.0,66.9,83.80000000000001
314.0,22.1,1.1,56.2,79.4
158.0,10.3,0.9,28.2,39.4
171.0,11.0,2.2,28.0,41.2
144.0,10.0,1.0,24.7,35.7
280.0,16.7,1.6,63.2,81.5
629.0,20.4,56.3,19.8,96.49999999999999
616.0,16.3,48.4,28.7,93.4
480.0,18.4,19.1,58.5,96.0
44.0,2.7,0.3,7.8,10.8
357.0,17.3,1.5,70.0,88.8
39.0,3.0,0.6,7.6,11.2
150.0,2.5,12.5,7.0,22.0
37.0,3.1,0.2,7.9,11.200000000000001
484.0,8.8,26.1,57.7,92.60000000000001
488.0,25.6,25.6,59.6,110.80000000000001
535.0,27.8,38.1,28.8,94.7
564.0,25.5,44.4,25.5,95.4
561.0,25.5,43.8,26.0,95.3
525.0,27.9,42.7,17.4,88.0
385.0,14.0,31.0,13.0,58.0
360.0,13.5,31.2,12.8,57.5
513.0,17.5,32.5,44.3,94.3
569.0,28.8,48.4,15.8,93.0
559.0,26.9,44.2,23.6,94.69999999999999
561.0,25.5,43.8,26.0,95.3
748.0,20.8,20.8,124.8,166.4
331.0,24.4,1.9,56.6,82.9
138.0,10.7,1.1,22.6,34.4
342.0,22.9,1.4,61.6,85.9
138.0,10.7,1.1,22.6,34.4
451.0,11.2,20.2,59.7,91.1
351.0,12.2,1.2,72.9,86.30000000000001
358.0,23.4,2.4,60.6,86.4
354.0,12.8,1.8,69.3,83.9
110.0,4.5,6.9,7.1,18.5
413.0,28.7,19.8,29.8,78.3
92.0,20.0,0.7,0.0,20.7
66.0,2.8,6.8,3.4,13.0
163.0,16.5,9.0,4.1,29.6
122.0,13.8,5.7,3.9,23.4
157.0,8.1,8.8,11.4,28.299999999999997
193.0,10.6,12.4,9.7,32.7
149.0,16.6,9.2,0.0,25.8
164.0,3.0,2.4,32.6,38.0
29.0,3.0,0.3,5.4,8.7
30.0,3.2,0.7,4.7,8.600000000000001
22.0,2.5,0.6,3.1,6.2
43.0,1.8,0.2,8.4,10.4
52.0,1.8,3.6,3.0,8.4
38.0,2.4,2.0,2.6,7.0
42.0,3.3,0.2,9.6,13.1
41.0,2.0,0.3,7.8,10.1
158.0,4.4,3.2,27.8,35.4
25.0,2.3,0.2,3.5,6.0
146.7,5.9,5.9,19.7,31.5
92.0,2.2,3.3,14.1,19.6
292.0,11.2,11.2,2.8,25.2
73.0,16.4,0.3,0.0,16.7
275.0,12.6,14.8,54.6,82.0
356.0,9.0,8.5,64.5,82.0
120.0,3.5,2.5,20.8,26.8
46.0,5.7,1.3,9.0,16.0
464.0,1.2,18.6,73.0,92.8
405.0,32.8,17.0,36.5,86.3
35.0,2.9,0.2,0.8,3.9000000000000004
32.0,2.9,0.2,5.8,8.9
34.0,0.9,1.0,6.7,8.6
47.0,0.5,0.2,10.4,11.1
326.0,22.8,20.3,13.1,56.2
590.0,27.0,49.0,20.9,96.9
623.0,2.0,52.1,36.5,90.6
17.0,0.2,0.1,3.8,4.1
68.0,1.0,0.9,14.0,15.9
180.0,4.0,15.0,10.0,29.0
359.0,3.4,34.7,14.0,52.1
214.0,5.4,5.4,40.2,51.0
111.0,1.5,0.3,27.2,29.0
142.0,16.9,7.8,0.0,24.7
48.0,1.0,0.2,11.9,13.1
380.0,48.9,13.8,23.3,86.0
44.0,1.8,0.6,9.6,12.0
636.0,19.0,63.0,8.0,90.0
657.0,15.0,66.0,13.0,94.0
616.0,13.9,56.2,13.7,83.80000000000001
83.0,2.0,0.1,19.1,21.200000000000003
142.0,0.9,0.4,33.7,35.0
64.0,12.0,1.0,2.0,15.0
204.0,2.6,20.0,4.0,26.6
151.0,13.8,3.8,14.1,31.700000000000003
59.0,18.0,1.1,3.6,22.700000000000003
393.0,38.9,13.3,29.4,81.6
357.0,41.1,10.0,25.6,76.7
79.0,18.7,0.5,0.0,19.2
475.0,1.6,25.5,64.4,91.5
137.0,1.3,1.1,29.8,32.2
586.0,4.9,40.6,50.2,95.7
446.0,2.8,14.5,76.0,93.3
448.0,2.7,18.8,67.1,88.6
485.0,1.7,22.2,69.7,93.6
598.0,8.3,43.8,42.6,94.69999999999999
478.0,0.9,20.7,72.0,93.6
481.0,2.2,19.7,73.6,95.5
581.0,12.1,40.6,41.7,94.4
542.0,40.3,42.4,11.6,94.29999999999998
510.0,12.3,27.9,52.4,92.6
529.0,20.8,31.7,40.2,92.7
486.0,0.2,23.9,67.6,91.69999999999999
26.0,1.7,0.4,3.8,5.9
350.0,0.5,0.2,85.9,86.60000000000001
444.0,6.9,14.6,71.3,92.8
342.0,16.0,0.4,65.6,82.0
325.0,1.8,0.4,78.5,80.7
504.0,5.6,28.1,57.1,90.80000000000001
356.0,9.7,1.1,76.9,87.7
422.0,83.0,4.0,0.0,87.0
345.0,12.0,1.5,71.5,85.0
431.0,11.1,16.2,63.0,90.3
439.0,10.0,16.4,65.7,92.1
485.0,11.5,24.5,59.1,95.1
476.0,0.1,21.1,71.3,92.5
46.7,17.3,17.3,81.3,115.9
340.0,30.0,30.0,52.0,112.0
359.0,17.2,68.2,332.0,417.4
477.0,4.7,20.5,68.5,93.7
588.0,53.7,40.9,1.2,95.8
78.0,0.8,0.4,20.0,21.2
181.0,4.0,1.2,37.3,42.5
163.0,3.0,0.4,35.7,39.1
340.0,11.0,11.0,54.0,76.0
157.0,0.8,0.3,37.9,39.0
154.0,1.0,0.3,36.8,38.099999999999994
153.0,1.2,0.3,36.4,37.9
12.0,0.7,0.1,2.7,3.5
9.0,0.5,0.1,1.9,2.5
153.0,7.9,7.7,13.0,28.6
404.0,14.1,16.1,54.2,84.4
212.0,4.0,4.6,38.6,47.2
109.6,2.6,2.6,18.6,23.8
310.0,10.0,24.0,13.5,47.5
73.0,16.4,0.3,0.0,16.7
86.0,1.6,0.2,13.0,14.8
99.0,3.3,0.1,21.2,24.599999999999998
25.0,2.4,0.2,4.9,7.5
24.0,1.4,0.2,5.3,6.8999999999999995
352.0,17.4,1.3,69.0,87.7
129.0,12.3,0.5,35.0,47.8
356.0,20.5,4.1,61.6,86.2
332.0,24.0,3.0,55.0,82.0
141.0,10.2,1.3,23.2,34.7
125.0,8.3,0.7,22.1,31.1
33.0,2.7,0.2,7.9,10.8
344.0,12.5,2.1,69.4,84.0
338.0,22.2,1.5,61.0,84.7
38.0,3.0,0.3,7.9,11.2
46.0,3.0,0.3,7.9,11.2
46.0,2.2,1.5,6.0,9.7
366.0,4.2,4.3,77.5,86.0
370.0,8.0,1.0,82.2,91.2
315.0,2.1,1.4,73.5,77.0
542.0,40.3,42.4,11.5,94.19999999999999
21.0,1.7,0.4,3.8,5.9
45.0,2.2,0.3,10.3,12.8
42.0,3.8,0.6,7.8,12.2
113.0,18.1,4.1,0.9,23.1
440.0,3.8,18.5,64.5,86.8
186.7,1.6,1.6,39.6,42.800000000000004
338.0,1.5,1.2,80.3,83.0
240.0,1.0,4.0,54.0,59.0
425.0,1.6,8.8,84.6,95.0
591.0,5.6,42.1,47.5,95.2
366.0,4.2,4.3,7.9,16.4
291.0,3.6,11.1,44.1,58.8
182.0,1.0,1.0,40.4,42.4
126.7,0.7,0.7,57.3,58.699999999999996
296.0,1.4,1.4,66.4,69.2
304.0,5.3,7.0,54.9,67.2
217.0,1.2,0.5,53.2,54.900000000000006
393.3,2.7,2.7,79.3,84.7
380.0,1.0,1.0,92.0,94.0
221.0,7.5,10.2,24.8,42.5
180.0,5.0,5.0,32.0,42.0
512.0,26.0,26.0,60.4,112.4
247.0,2.9,4.2,49.5,56.6
111.0,4.5,1.1,20.7,26.299999999999997
22.0,0.4,0.2,4.7,5.300000000000001
63.0,2.0,2.7,9.1,13.8
83.0,19.1,0.2,0.0,19.3
515.0,30.6,42.1,13.8,86.5
242.0,19.0,17.0,3.0,39.0
17.0,0.6,0.2,3.8,4.6
51.0,1.7,0.5,10.0,12.2
26.0,0.6,0.1,6.7,7.4
32.0,1.1,0.1,6.6,7.8
166.3,2.7,3.9,29.5,36.1
85.0,5.7,0.3,15.4,21.4
148.0,10.6,0.5,26.2,37.3
142.0,11.0,2.5,20.4,33.9
367.0,46.4,5.4,32.5,84.3
336.0,23.8,1.2,59.7,84.7
56.0,0.9,0.2,14.3,15.4
34.0,2.2,0.3,5.5,8.0
422.0,0.9,10.8,80.4,92.10000000000001
389.0,6.6,15.7,55.5,77.8
174.0,17.0,10.0,3.0,30.0
141.0,23.0,1.5,7.6,32.1
159.0,5.0,10.9,10.1,26.0
207.0,7.4,15.4,9.6,32.4
405.0,4.8,5.1,84.9,94.80000000000001
15.0,1.0,0.4,1.9,3.3
902.0,0.0,100.0,0.0,100.0
630.0,9.1,65.0,1.1,75.19999999999999
372.0,12.0,29.4,14.4,55.8
818.0,1.5,90.0,0.0,91.5
34.0,0.5,0.8,6.2,7.5
36.0,0.0,0.0,10.0,10.0
30.0,0.0,0.0,8.0,8.0
221.3,3.8,3.6,43.4,50.8
320.0,3.5,5.7,63.7,72.9
181.0,2.8,1.2,39.8,43.8
33.0,1.9,0.1,7.4,9.4
240.0,7.8,0.5,51.3,59.599999999999994
387.0,16.0,22.0,3.0,41.0
79.0,2.3,5.2,5.8,13.3
19.0,0.9,0.1,4.2,5.2
217.0,11.0,1.7,5.1,17.799999999999997
27.0,0.4,0.2,6.0,6.6
163.3,2.8,2.2,33.0,38.0
38.0,1.1,0.3,7.6,9.0
164.0,1.8,2.1,34.5,38.4
294.0,0.3,0.0,79.5,79.8
341.0,0.3,0.0,85.0,85.3
363.0,8.7,0.4,78.7,87.8
63.0,2.4,0.4,12.4,15.2
44.0,0.7,0.2,11.2,12.1
63.0,0.5,0.2,16.7,17.4
46.0,0.4,0.2,11.9,12.5
72.0,0.8,0.2,18.7,19.7
56.0,0.4,0.2,14.6,15.2
86.0,0.7,0.5,19.8,21.0
133.0,1.0,0.1,32.1,33.2
59.0,0.5,0.4,15.1,16.0
52.0,0.7,0.0,12.3,13.0
63.0,0.6,0.6,15.6,16.8
720.0,0.6,81.0,0.4,82.0
144.0,3.5,1.2,29.8,34.5
217.0,2.5,1.0,49.6,53.1
104.0,1.2,0.5,23.7,25.4
265.3,4.7,5.5,49.3,59.5
153.0,4.5,4.2,24.3,33.0
278.0,5.1,8.6,45.0,58.7
200.0,8.9,5.1,29.5,43.5
369.0,2.1,7.0,74.1,83.19999999999999
90.0,1.2,0.1,21.1,22.400000000000002
276.0,0.0,0.1,71.0,71.1
66.0,5.0,0.7,13.3,19.0
37.0,0.6,0.4,7.8,8.8
322.0,55.8,2.0,22.7,80.5
725.0,0.5,81.6,1.4,83.5
65.0,1.7,0.2,16.1,18.0
359.0,11.5,6.8,64.4,82.7
88.0,0.6,3.3,14.0,17.9
71.0,0.2,0.8,15.9,16.9
339.0,10.0,1.7,6.3,18.0
113.0,3.0,3.2,18.1,24.3
102.0,6.2,3.9,10.5,20.6
114.0,5.3,3.0,16.4,24.7
86.0,0.6,3.3,14.0,17.9
353.0,0.3,0.0,88.0,88.3
102.0,3.0,2.1,17.8,22.9
468.0,7.6,20.4,62.4,90.4
337.0,7.9,11.8,50.0,69.7
105.0,5.9,4.9,9.4,20.200000000000003
190.0,0.2,0.4,46.5,47.1
902.0,0.0,100.0,0.0,100.0
902.0,0.0,100.0,0.0,100.0
902.0,0.0,100.0,0.0,100.0
883.0,0.0,99.9,0.0,99.9
870.0,1.0,98.0,0.0,99.0
902.0,0.0,100.0,0.0,100.0
902.0,0.0,100.0,0.0,100.0
884.0,0.0,100.0,0.0,100.0
345.0,8.5,2.2,78.0,88.7
218.0,0.8,16.0,50.2,67.0
128.0,8.0,10.0,1.3,19.3
33.0,2.3,0.5,4.7,7.5
330.0,17.8,23.4,12.1,53.300000000000004
478.0,38.3,33.9,5.1,77.29999999999998
52.0,0.4,0.2,13.7,14.299999999999999
58.0,0.7,0.2,13.3,14.200000000000001
165.0,4.2,0.1,36.7,41.0
106.0,1.2,0.3,27.6,29.1
51.0,2.0,0.4,11.3,13.700000000000001
180.0,3.0,0.3,39.8,43.099999999999994
149.0,2.8,0.4,32.5,35.7
192.0,3.8,8.8,24.4,37.0
276.0,3.2,3.2,30.2,36.6
190.0,4.7,7.5,26.0,38.2
357.0,8.8,0.5,79.5,88.8
207.0,3.5,5.0,37.1,45.6
155.0,10.3,4.2,19.1,33.6
120.0,2.4,0.4,26.0,28.8
253.3,4.3,21.0,11.7,37.0
196.0,14.5,8.3,15.9,38.7
600.0,14.0,41.7,42.0,97.7
387.0,5.3,7.6,74.3,87.19999999999999
9.0,2.1,6.0,7.1,15.2
187.0,13.0,6.0,22.6,41.6
376.0,14.9,6.0,65.7,86.6
363.3,19.3,19.3,40.3,78.9
284.0,12.0,14.4,13.6,40.0
306.7,9.0,18.0,27.0,54.0
351.0,11.0,5.3,65.9,82.2
132.0,12.7,3.8,13.7,30.2
187.0,13.0,6.0,22.6,41.6
368.0,6.8,32.0,13.2,52.0
320.0,7.3,18.7,31.0,57.0
40.0,2.0,2.0,3.0,7.0
76.0,5.2,1.8,10.6,17.6
288.6,8.3,8.9,44.3,61.5
115.0,1.5,6.0,14.0,21.5
111.0,0.3,2.7,21.2,24.2
940.0,36.0,42.0,104.0,182.0
117.0,13.7,5.0,4.3,23.0
125.0,10.4,8.6,0.8,19.8
351.0,0.9,0.9,84.9,86.7
342.0,2.3,0.1,83.1,85.5
77.0,3.5,4.6,5.4,13.5
494.0,7.5,36.4,40.1,84.0
42.0,0.3,0.2,10.9,11.4
460.0,28.5,35.2,7.2,70.9
133.8,3.0,1.6,27.0,31.6
61.0,0.2,0.1,14.9,15.200000000000001
87.0,10.5,2.5,5.5,18.5
29.0,1.1,0.3,6.6,8.0
16.0,0.8,0.2,3.4,4.4
19.0,1.0,0.4,3.6,5.0
307.0,4.5,13.3,42.4,60.2
362.0,0.5,0.3,86.9,87.7
23.0,1.8,0.3,4.5,6.6
156.0,28.0,4.0,0.0,32.0
75.0,2.5,2.8,10.0,15.3
219.0,19.7,13.6,4.4,37.699999999999996
162.0,4.9,3.0,27.8,35.7
156.0,4.2,1.4,31.6,37.2
152.0,4.5,2.3,28.2,35.0
211.0,12.3,6.1,26.6,45.0
243.0,5.2,7.3,39.1,51.6
173.0,7.2,1.2,33.4,41.8
372.0,7.8,36.3,3.5,47.599999999999994
174.0,13.1,12.2,2.2,27.499999999999996
19.0,0.6,0.1,3.9,4.6
275.0,11.6,11.6,30.2,53.4
26.0,2.1,0.1,4.9,7.1000000000000005
46.0,0.5,12.0,12.2,24.7
76.0,5.2,1.8,10.6,17.6
400.0,0.0,0.0,95.0,95.0
142.0,10.4,2.0,22.0,34.4
50.0,3.7,1.0,9.0,13.7
161.0,20.0,0.2,24.0,44.2
220.0,15.0,0.1,40.0,55.1
345.0,23.8,1.4,59.3,84.5
220.0,15.0,0.9,38.0,53.9
514.0,1.0,27.8,647.0,675.8
107.0,15.9,0.6,0.4,16.9
157.0,28.0,4.2,0.0,32.2
170.0,31.0,4.2,0.0,35.2
153.0,30.0,2.8,0.0,32.8
142.0,27.0,3.0,0.0,30.0
124.0,9.5,9.6,0.0,19.1
99.0,1.2,0.2,25.8,27.2
68.0,1.3,0.2,17.2,18.7
120.0,1.1,0.2,26.8,28.1
127.0,2.1,0.3,31.1,33.5
220.0,2.3,2.3,6.3,10.899999999999999
115.0,1.9,0.2,27.9,30.0
117.0,2.0,0.3,28.9,31.2
100.0,1.4,0.5,23.6,25.5
109.0,0.8,0.5,26.3,27.6
145.0,1.1,0.3,34.5,35.9
96.0,1.0,0.2,22.5,23.7
99.0,1.3,0.2,25.6,27.1
127.0,1.4,0.2,33.6,35.2
127.0,1.4,0.2,31.8,33.4
134.0,1.1,0.5,35.5,37.1
120.0,1.2,0.2,31.8,33.2
118.0,1.2,0.2,31.1,32.5
98.0,1.3,1.2,20.5,23.0
625.0,1.0,0.0,8.1,9.1
113.0,1.2,0.2,26.7,28.099999999999998
45.0,2.2,0.3,10.3,12.8
33.0,4.5,0.4,2.8,7.7
216.0,2.6,3.1,44.4,50.1
224.0,26.2,11.3,4.4,41.9
104.0,1.9,4.1,15.1,21.1
25.0,1.5,0.5,3.6,5.6
76.0,4.1,1.1,15.2,20.4
76.0,3.6,0.3,14.6,18.5
163.0,2.2,6.5,23.8,32.5
200.0,1.0,2.4,43.8,47.199999999999996
136.0,43.0,2.4,3.0,48.4
76.0,12.1,2.0,2.4,16.5
69.0,0.9,0.1,18.1,19.1
11.0,0.0,0.0,2.7,2.7
76.0,0.5,0.2,18.0,18.7
4.0,0.0,0.0,0.9,0.9
295.0,7.3,8.5,47.5,63.3
394.0,2.2,8.8,76.6,87.6
350.0,0.9,0.4,85.7,87.0
60.0,5.4,2.5,4.0,11.9
81.0,16.2,1.2,0.7,18.099999999999998
299.0,29.4,3.6,3.2,36.2
81.0,16.2,1.2,0.7,18.099999999999998
27.0,0.6,0.3,5.2,6.1
320.0,7.2,4.2,63.3,74.7
451.0,11.2,20.2,59.7,91.1
497.0,17.0,27.6,50.8,95.4
193.0,22.6,7.9,7.8,38.3
471.0,4.7,21.8,64.1,90.6
75.0,1.6,0.6,15.8,18.0
335.0,5.3,3.5,70.5,79.3
341.0,5.5,16.2,43.3,65.0
350.0,7.5,2.0,75.5,85.0
248.0,8.0,1.2,50.0,59.2
249.0,7.9,1.5,49.7,59.1
153.0,11.3,8.4,8.0,27.700000000000003
41.0,1.4,0.3,8.1,9.799999999999999
536.0,40.5,41.5,0.0,82.0
110.0,11.5,2.0,11.7,25.2
198.0,24.6,10.7,0.9,36.199999999999996
449.0,30.6,25.5,31.9,88.0
338.0,0.6,0.3,83.1,84.0
355.0,0.6,1.1,85.6,87.3
231.0,0.6,0.2,56.6,57.4
291.0,0.5,4.0,63.4,67.9
230.0,0.6,0.2,56.5,57.3
452.0,2.8,14.8,76.8,94.4
347.0,0.9,0.3,85.2,86.4
364.0,0.1,0.2,90.5,90.8
362.0,0.5,0.3,86.9,87.7
354.0,0.8,8.3,68.9,78.0
57.0,0.5,0.1,13.6,14.2
55.0,0.4,0.2,12.8,13.4
87.0,0.8,0.4,20.1,21.3
281.0,2.4,0.7,66.1,69.19999999999999
122.0,2.0,10.0,7.6,19.6
324.0,4.2,34.3,55.6,94.1
324.0,4.2,34.3,5.6,44.1
98.0,2.0,0.4,24.5,26.9
212.0,18.0,10.6,59.3,87.9
108.0,17.6,4.2,0.0,21.8
182.0,32.0,6.0,0.0,38.0
301.0,55.0,9.0,0.0,64.0
273.0,17.5,22.0,0.0,39.5
289.0,16.0,25.0,0.0,41.0
174.0,19.6,10.0,0.0,29.6
201.0,18.8,14.0,0.0,32.8
448.0,14.5,42.3,2.3,59.099999999999994
183.0,12.0,14.4,1.4,27.799999999999997
98.0,21.9,1.1,0.0,23.0
137.0,15.0,8.1,0.9,24.0
274.0,16.0,22.0,3.0,41.0
84.0,10.5,4.6,0.2,15.299999999999999
132.0,19.7,3.2,6.0,28.9
123.0,10.4,8.6,0.8,19.8
360.0,57.3,6.0,19.2,82.5
268.0,23.9,12.7,14.5,51.099999999999994
126.0,14.0,7.2,1.5,22.7
281.0,37.5,0.3,32.1,69.9
338.0,21.1,27.0,1.0,49.1
344.0,30.0,20.0,43.0,93.0
166.0,2.3,2.8,32.9,38.0
283.0,12.1,16.8,20.9,49.8
110.0,15.5,0.5,11.5,27.5
179.0,22.5,3.5,13.3,39.3
274.0,12.9,18.6,13.6,45.1
126.7,14.0,7.3,1.3,22.6
22.0,2.3,0.3,4.0,6.6
9.0,1.0,0.1,1.7,2.8
30.0,1.9,0.5,4.4,6.800000000000001
19.0,1.3,0.2,2.9,4.4
92.0,0.5,1.1,22.4,24.0
64.0,1.0,3.1,8.0,12.1
111.0,0.9,2.3,21.6,24.8
92.0,0.5,1.1,22.4,24.0
29.0,0.7,0.6,5.0,6.3
49.0,1.7,0.3,9.8,11.8
178.0,2.6,13.9,10.6,27.1
133.0,7.3,6.6,11.2,25.099999999999998
64.0,2.1,0.6,12.5,15.2
36.0,2.7,0.7,4.8,8.2
49.0,3.1,2.5,3.6,9.2
27.0,1.3,2.0,1.0,4.3
67.0,5.2,2.9,5.1,13.2
57.0,5.4,2.6,3.1,11.1
15.0,1.2,0.2,2.9,4.3
17.0,1.7,0.3,3.0,5.0
19.0,2.7,0.2,2.9,5.800000000000001
20.0,1.0,0.1,4.6,5.699999999999999
28.0,0.5,0.2,6.9,7.6000000000000005
192.5,4.5,6.0,30.3,40.8
64.0,0.6,0.3,14.8,15.700000000000001
353.0,0.7,0.2,84.7,85.60000000000001
88.0,7.9,1.6,10.6,20.1
298.0,8.0,23.8,48.9,80.7
478.0,2.5,21.2,69.2,92.9
213.0,0.0,0.0,55.0,55.0
88.0,3.2,8.0,0.8,12.0
474.0,11.2,42.5,11.7,65.4
81.0,5.1,4.5,5.1,14.7
285.0,1.0,18.0,28.0,47.0
146.0,1.2,0.3,34.7,36.2
173.0,0.5,0.1,42.5,43.1
95.3,4.4,2.2,14.4,21.0
65.0,1.0,0.3,16.3,17.6
213.0,0.0,0.0,55.0,55.0
71.0,7.5,3.6,2.2,13.3
49.0,5.8,0.5,5.3,11.6
68.0,9.0,1.9,3.7,14.600000000000001
34.0,5.5,0.8,1.1,7.4
71.0,7.4,2.6,4.5,14.5
12.0,0.5,0.1,2.0,2.6
15.0,0.6,0.1,3.1,3.8
89.0,7.2,5.0,3.9,16.099999999999998
42.0,3.9,1.7,2.8,8.399999999999999
110.0,2.9,9.5,3.2,15.600000000000001
135.0,2.5,8.8,11.5,22.8
127.5,2.6,9.4,8.3,20.3
92.0,11.8,4.3,1.4,17.5
38.0,2.6,2.3,1.8,6.7
60.0,3.5,4.5,1.3,9.3
127.0,5.9,6.6,11.0,23.5
94.0,3.0,6.8,5.1,14.9
75.0,3.6,5.2,3.5,12.3
80.0,3.2,3.5,9.0,15.7
86.0,2.3,8.5,0.0,10.8
117.1,0.4,8.6,9.6,18.6
139.0,7.4,2.1,22.6,32.1
101.0,1.7,0.6,35.2,37.5
75.0,5.6,0.4,12.2,18.2
119.0,1.4,0.2,28.1,29.700000000000003
126.0,1.6,0.2,24.5,26.3
418.0,19.0,9.0,65.5,93.5
513.0,24.6,30.0,36.2,90.80000000000001
64.0,4.3,2.3,6.6,13.2
41.0,3.5,2.5,5.0,11.0
336.0,8.2,10.0,55.0,73.2
138.0,7.0,7.9,9.9,24.8
160.0,6.3,12.0,7.1,25.4
61.0,3.2,3.5,4.3,11.0
36.0,3.5,0.1,5.1,8.7
359.0,35.6,1.0,52.0,88.6
36.0,3.5,0.1,5.1,8.7
87.0,5.3,5.2,6.3,16.8
90.0,1.5,0.1,21.9,23.5
69.0,1.0,0.1,15.7,16.8
74.0,1.4,0.1,17.2,18.7
347.0,0.5,0.9,84.2,85.60000000000001
68.0,7.8,4.6,1.6,13.999999999999998
115.0,9.7,8.5,2.5,20.7
328.0,12.6,19.9,24.6,57.1
148.0,13.8,8.5,4.0,26.3
120.0,1.5,0.3,28.2,30.0
163.0,2.3,0.5,36.4,39.199999999999996
115.0,1.8,0.5,25.9,28.2
120.0,1.5,0.3,28.2,30.0
98.0,1.9,0.2,23.7,25.8
166.0,10.4,4.9,24.1,39.400000000000006
88.0,3.2,2.1,14.0,19.3
76.0,9.0,2.6,6.4,18.0
28.0,3.0,0.8,4.0,7.8
34.0,3.7,1.2,4.3,9.2
104.0,12.9,6.8,1.2,20.9
99.0,1.7,0.3,22.4,24.4
166.0,3.8,1.0,34.4,39.199999999999996
172.0,3.0,0.5,37.5,41.0
169.0,1.4,0.3,40.2,41.900000000000006
358.0,7.5,4.3,70.4,82.2
277.0,9.1,4.7,49.6,63.400000000000006
25.0,4.6,0.4,3.0,8.0
83.0,10.4,3.4,2.8,16.6
132.0,19.5,0.7,67.8,88.0
300.0,28.3,4.8,53.6,86.7
299.0,24.1,3.5,59.0,86.6
34.0,2.0,0.1,7.9,10.0
294.0,8.3,1.7,72.6,82.6
53.0,1.9,0.9,9.4,12.2
162.0,12.8,11.5,0.7,25.0
361.0,19.3,31.9,0.7,51.900000000000006
50.0,10.8,0.0,0.8,11.600000000000001
383.0,15.1,32.9,8.3,56.3
251.0,16.3,19.4,1.4,37.1
179.0,13.6,13.3,4.4,31.299999999999997
386.0,17.0,35.0,0.8,52.8
54.0,11.0,0.0,0.8,11.8
54.0,11.0,0.0,0.8,11.8
320.0,15.1,30.5,0.9,46.5
301.0,20.0,23.7,0.0,43.7
187.0,10.9,12.4,7.9,31.200000000000003
195.0,13.6,13.6,1.4,28.599999999999998
116.0,10.7,7.0,1.6,19.3
144.0,12.0,10.2,0.0,22.2
425.0,31.0,28.0,10.0,69.0
119.0,4.4,3.5,18.3,26.200000000000003
73.0,5.7,1.3,4.2,11.2
76.0,6.8,0.7,10.6,18.1
328.0,18.4,23.2,12.8,54.39999999999999
139.0,12.5,0.8,21.9,35.2
212.0,17.5,10.0,12.9,40.4
143.0,12.0,5.5,11.4,28.9
350.0,24.5,26.6,10.4,61.5
201.0,20.8,8.8,13.5,43.1
141.0,10.2,1.3,23.2,34.7
146.0,11.7,2.3,19.6,33.6
131.0,18.0,0.8,13.0,31.8
150.0,14.0,7.7,9.1,30.799999999999997
336.0,20.0,28.0,7.8,55.8
240.0,6.0,2.7,49.3,58.0
110.0,1.7,1.3,21.9,24.9
126.0,1.1,2.2,25.7,29.0
355.0,0.7,0.2,85.2,86.10000000000001
364.0,7.0,0.5,80.0,87.5
353.0,7.0,0.5,80.0,87.5
353.0,0.8,1.7,83.6,86.1
363.0,1.1,0.5,88.2,89.8
355.0,0.7,0.2,85.2,86.10000000000001
364.0,4.5,1.0,83.5,89.0
316.0,60.1,6.5,22.4,89.0
355.0,9.2,3.9,73.7,86.8
355.0,9.2,3.9,73.7,86.8
388.0,19.0,7.5,61.2,87.7
347.0,35.9,20.6,29.9,86.4
347.0,0.3,0.1,85.6,86.0
350.0,1.2,0.6,85.0,86.8
338.0,2.9,0.4,80.6,83.89999999999999
353.0,0.7,0.2,84.7,85.60000000000001
326.0,4.0,0.4,76.7,81.10000000000001
363.0,1.1,0.5,88.2,89.8
353.0,2.9,0.5,84.4,87.80000000000001
509.0,24.6,30.0,36.2,90.80000000000001
418.0,19.0,9.0,65.5,93.5
362.0,35.6,1.0,52.0,88.6
332.0,5.7,0.6,76.1,82.39999999999999
365.0,8.9,1.3,77.3,87.5
354.0,2.8,0.6,84.4,87.80000000000001
155.0,22.3,2.9,9.9,35.1
191.0,33.1,3.6,6.6,43.300000000000004
174.0,30.0,3.5,3.5,37.0
174.0,30.0,3.5,5.6,39.1
365.0,23.7,22.3,17.5,63.5
462.0,39.1,32.4,3.5,75.0
24.0,1.1,0.2,5.5,6.8
285.0,4.3,25.7,9.5,39.5
39.0,2.3,1.9,2.0,6.199999999999999
48.0,1.5,0.3,11.3,13.100000000000001
45.0,1.9,0.8,7.5,10.2
23.0,1.8,0.1,4.9,6.800000000000001
28.0,1.1,0.2,5.5,6.8
52.0,2.1,1.1,8.6,11.8
52.0,1.1,0.4,11.2,12.7
25.0,2.1,0.1,5.3,7.5
23.0,1.8,0.1,4.9,6.800000000000001
59.0,2.9,0.3,13.9,17.1
120.0,2.4,0.4,26.0,28.8
33.0,1.2,1.3,4.1,6.6
516.0,17.7,49.5,0.0,67.2
355.0,6.2,1.2,79.8,87.2
353.0,2.4,1.1,83.4,86.9
395.0,3.2,8.5,76.5,88.2
392.0,5.4,28.5,28.4,62.3
93.6,4.4,1.8,15.1,21.3
23.0,2.9,0.2,4.1,7.199999999999999
35.0,5.0,0.2,5.8,11.0
67.0,9.0,2.6,6.4,18.0
28.0,3.0,0.8,4.0,7.8
20.0,1.0,0.2,3.5,4.7
20.0,1.0,0.3,4.2,5.5
24.0,1.3,0.5,4.7,6.5
24.0,2.0,0.7,3.3,6.0
189.0,11.3,15.7,0.6,27.6
48.0,1.4,4.2,2.6,8.2
186.0,1.9,0.2,44.3,46.4
160.0,3.7,1.3,55.3,60.3
100.0,0.7,0.3,23.8,24.8
119.0,0.5,0.4,25.1,26.0
83.0,1.5,0.2,18.8,20.5
123.0,1.8,0.7,27.9,30.4
151.0,1.6,0.3,35.4,37.3
123.0,1.8,0.7,27.9,30.4
114.0,1.4,9.6,25.6,36.6
184.0,1.4,0.3,22.5,24.2
108.0,0.5,0.4,25.6,26.5
165.0,0.9,0.2,39.8,40.9
82.0,5.8,1.3,11.7,18.799999999999997
56.0,11.4,0.6,1.2,13.2
81.0,16.5,0.3,3.0,19.8
295.0,62.4,2.3,1.8,66.5
278.0,62.6,4.1,2.2,68.9
273.0,47.8,3.8,12.5,64.1
91.0,21.0,0.2,0.1,21.3
380.0,11.9,30.3,14.9,57.1
241.0,5.8,21.6,5.8,33.2
120.0,2.8,0.5,82.3,85.6
34.0,2.4,0.3,5.5,8.2
130.0,14.0,7.2,1.5,22.7
101.0,2.0,0.2,19.8,22.0
363.0,8.7,0.4,78.7,87.8
303.0,6.3,2.7,63.3,72.3
45.0,0.8,0.9,8.1,9.8
424.0,1.3,10.7,80.7,92.7
568.0,19.3,51.1,18.1,88.5
355.0,3.2,15.1,51.4,69.7
143.0,3.1,7.8,15.0,25.9
452.0,14.5,42.3,2.3,59.099999999999994
42.0,1.2,0.6,9.3,11.100000000000001
37.0,1.0,0.6,8.3,9.9
28.0,0.7,0.5,6.3,7.5
254.0,3.0,1.1,58.1,62.2
52.0,3.3,2.5,4.0,9.8
